countryname,countrycode,co2emissionspercap1990,co2emissionspercap2000,co2emissionspercap2010,co2emissionspercap2020,gdppercapitacurrentus1990,gdppercapitacurrentus2000,gdppercapitacurrentus2010,gdppercapitacurrentus2020,co2emissionskt1990,co2emissionskt2000,co2emissionskt2010,co2emissionskt2020,terrestrialandmarineprotectedare,forestareaoflandarea1990,forestareaoflandarea2000,forestareaoflandarea2010,forestareaoflandarea2020
Aruba,ABW,,,,,11638.733,21026.168,24452.588,24008.127,,,,,.14116375,2.3333333,2.3333333,2.3333333,2.3333333
Afghanistan,AFG,.19138935,.055166606,.30423021,.22347887,,,562.49921,512.05511,2046.87,1078.12,8576.1504,8709.4697,3.6372566,1.852782,1.852782,1.852782,1.852782
Angola,AGO,.5549413,.98841643,.97591674,.59274298,949.92133,556.88422,3586.6636,1450.9052,6564.2002,16204.16,22801.5,19814.5,5.0047097,63.578072,62.331444,57.8792,53.426952
Albania,ALB,1.8440355,1.0315676,1.6427619,1.5445501,617.23041,1126.6833,4094.3496,5343.0376,6060.5,3186.54,4785.3999,4383.2002,14.173929,28.788321,28.076643,28.5427,28.791971
Andorra,AND,7.5921521,7.9270163,7.2235909,5.7771478,19208.678,21620.465,48237.891,37207.238,406.70401,523.95203,516.62402,448.8844,26.727724,34.042553,34.042553,34.042553,34.042553
Arab World,ARB,2.7995024,3.2535675,4.2084527,3.9290776,2882.5815,2858.5317,6396.0786,5644.1426,632472.88,933988.56,1533676.6,1765052.9,3.3654375,3.7317672,3.5510719,3.4075983,2.8088953
United Arab Emirates,ARE,29.055796,25.868851,19.192797,20.252272,26682.85,31855.5,35392.262,37629.176,55210.398,84729.102,162788.91,188088.7,15.923666,3.4497325,4.3569417,4.4677558,4.4677558
Argentina,ARG,3.0735631,3.5679185,4.099844,3.4056175,4330.9683,7666.5181,10385.965,8500.8379,100313.9,132265.5,167226.3,154535.91,9.3979759,12.863715,12.196486,11.040344,10.440715
Armenia,ARM,5.5799193,1.1238675,1.4718835,2.4046838,634.56732,603.29803,3143.0295,4505.8677,19845.199,3561,4336.6001,6746.6001,24.305405,,11.683878,11.610819,11.537408
American Samoa,ASM,,,,,,,10446.863,15609.777,,,,,.0026435636,90.349998,88.650002,87.150002,85.650002
Antigua and Barbuda,ATG,3.4455533,4.1636133,5.4355564,5.1217303,7255.4063,11010.197,13404.516,15224.858,218.2,312.5,465.79999,474.60001,.38601753,22.977272,21.477272,19.954546,18.454546
Australia,AUS,15.437182,17.837318,17.973751,14.776137,18248.941,21870.416,52147.023,51868.246,263437.5,339422.81,395993.19,378996.81,30.395529,17.427359,17.158155,16.862932,17.421314
Austria,AUT,7.5901065,7.9308591,8.3656244,6.6326456,21680.99,24625.602,46903.762,48789.496,58275.699,63538.602,69965.102,59142.398,29.094318,45.754604,46.511635,46.815319,47.250969
Azerbaijan,AZE,7.4539666,3.440002,2.6851125,3.3988495,1238.2719,655.09723,5843.5337,4229.9106,53483.699,27687.199,24311.9,34305,5.5191526,,11.951093,12.491466,13.69419
Burundi,BDI,.0342099,.041631926,.035423905,.058384024,206.44493,138.00462,222.66058,216.82742,187.60001,262.60001,323.29999,713.466,7.5914717,10.766356,7.5521808,7.5521808,10.889408
Belgium,BEL,10.967035,11.440029,9.808816,7.3981309,20600.375,23098.887,44184.945,45609.004,109312.6,117274.6,106872.8,85364.102,17.579239,,22.037649,22.783026,22.7642
Benin,BEN,.064306073,.20355749,.5108245,.63120478,381.80505,502.99799,1009.4895,1240.7332,330.10999,1424.5,4825.1001,7980.3999,23.457106,42.880013,36.672134,32.237938,27.803743
Burkina Faso,BFA,.065061495,.088272311,.12994479,.25353318,339.63184,249.80208,627.27039,823.55243,594.09998,1048.9301,2094.3,5456.7002,16.40168,28.203947,26.376097,24.548611,22.72076
Bangladesh,BGD,.10755,.16012205,.34023327,.51064754,294.90466,413.10019,776.85956,2233.3059,11523.73,20686.699,50487.602,85493.102,4.888556,14.752478,14.752463,14.506738,14.468772
Bulgaria,BGR,8.4426775,5.3145881,6.0496249,4.9232802,2366.5298,1621.2621,6863.667,10148.343,73605.703,43421.102,44740.602,34138.102,33.111645,30.073217,30.507095,34.423359,35.860355
Bahrain,BHR,20.752003,22.315945,21.394806,21.976908,8174.7974,12738.774,21186.814,23433.188,10737.46,15876.5,25965.699,32470.199,1.6863999,.31884059,.52112675,.68241471,.89171976
"Bahamas, The",BHS,7.4427643,6.5083351,5.3028355,6.0422516,11696.512,24849.607,27046.658,23998.268,2014.6,2115.3,1979.4,2456,8.5551043,50.935066,50.935066,50.935066,50.935066
Bosnia and Herzegovina,BIH,5.3324313,3.3390598,5.4689107,6.3123059,,1332.2102,4506.9321,6095.104,23965.6,13955.1,20842.5,20946.801,3.6258514,,41.243164,41.067577,42.732616
Belarus,BLR,9.7974863,5.3075724,6.4787812,5.8424072,,1276.2804,6034.6787,6542.8647,99830,52967.5,61443.699,54801.5,9.3534937,,40.784233,42.532848,43.194405
Belize,BLZ,1.8637487,1.7686746,1.6491466,1.7411077,2988.6047,4720.1685,5399.062,5185.1582,340.29999,425.20001,531.20001,687.59998,21.122103,70.145988,63.976326,60.999123,55.986408
Bermuda,BMU,,,,,26841.52,56284.168,101875.28,107791.88,,,,,.00039013746,18.518518,18.518518,18.518518,18.518518
Bolivia,BOL,1.4666877,.94360811,1.4381113,1.5394647,685.94269,977.32941,1922.0586,3068.8125,10407.9,8108.1001,14702.2,18375.301,30.865568,53.359844,50.864388,49.003979,46.924915
Brazil,BRA,1.3131316,1.7835001,2.0266056,1.9425234,3065.2424,3726.8118,11249.292,6923.6997,197897.41,313670.81,397931.09,414138.81,29.237207,70.458023,65.934357,61.207481,59.417477
Barbados,BRB,3.8796606,4.4892068,5.39294,3.9048712,7772.8086,11560.246,16494.242,16882.502,1004.32,1188.1,1481.5,1096.0699,.008606202,14.651163,14.651163,14.651163,14.651163
Brunei Darussalam,BRN,12.447313,14.128579,18.105658,21.705812,13440.669,17971.893,34609.711,27179.354,3260.3,4717.8999,7170.7998,9588,8.9893827,78.368118,75.332069,72.106262,72.106262
Bhutan,BTN,.33197719,.66218555,.69903445,1.3400543,515.29974,722.82678,2194.126,3181.3398,185.39,388.84,493.17999,1035.2,49.669334,53.650665,65.477386,70.97332,71.449394
Botswana,BWA,2.0927725,2.335747,1.6119702,2.263463,2825.7249,3351.6965,6041.7319,5875.0708,2807.3999,4033.8,3371.7,5763.687,29.143257,33.179291,31.091879,29.004465,26.917051
Central African Republic,CAF,.052683644,.064695135,.03751019,.044282071,512.85089,243.87758,459.77698,435.46924,148,243.2,174.8,236.60001,18.064823,37.245178,36.763618,36.282063,35.800507
Canada,CAN,15.14897,16.757467,15.794538,13.599375,21525.861,24271.002,47562.082,43562.438,419492.19,514215.09,537091.5,516873.69,9.4966183,38.845512,38.79298,38.739471,38.695511
Switzerland,CHE,6.4516978,6.0839753,5.777422,4.0420728,39574.539,38865.023,76531.375,85897.781,43326.5,43708.801,45207.801,34916.102,11.95877,29.180908,30.264971,31.248272,32.121536
Channel Islands,CHI,,,,,,44318.223,,57339.527,,,,,,4.1919193,4.1919193,5.151515,5.151515
Chile,CHL,2.2883835,3.2845988,4.1018839,4.3951511,2483.5608,5102.9688,12764.593,13173.785,30533.6,50424.5,69749.102,84827.797,37.811359,20.5049,21.272871,22.494337,24.492153
China,CHN,1.9145463,2.650409,6.3354197,7.7561378,347.57837,959.36041,4550.4741,10408.72,2173364.3,3346525.8,8474923,10944686,14.746511,16.738007,18.853474,21.368328,23.431322
Cote d'Ivoire,CIV,.22714335,.3862814,.30069068,.40634736,906.4115,986.77734,1654.178,2349.0698,2705.3999,6489.3999,6350.6001,10894.9,14.940513,24.688238,16.020283,12.470377,8.9204721
Cameroon,CMR,.25370675,.34516567,.35287189,.37478265,1077.3335,700.16321,1383.8138,1539.1305,2900,5209.1001,7014.3999,9928.4004,10.947134,47.597893,45.688667,44.214169,43.02951
"Congo, Dem. Rep.",COD,.088336125,.033629246,.039973635,.032584783,259.23709,392.62634,324.82773,524.66669,3179,1634.9301,2653.8999,3025.6001,13.756754,66.442734,63.474117,60.505505,55.647312
"Congo, Rep.",COG,1.3419565,1.3870276,1.2220576,1.2545917,1173.2644,1029.9607,2962.7625,2011.2695,3201.1499,4346.9858,5423.3501,7153.8999,33.282631,65.34407,64.992676,64.641289,64.263542
Colombia,COL,1.5141807,1.5044065,1.4313179,1.5522594,1467.5475,2546.8501,6392.7578,5304.2891,49364.398,58995.5,64146.102,79057.602,17.009233,58.547218,56.543938,54.80648,53.305012
Comoros,COM,.15193021,.19543257,.25578332,.40711218,996.52808,654.18042,1384.0632,1519.5868,65.5,104.9,167.8,328.20001,.71406084,24.750134,22.396561,20.042988,17.689415
Cabo Verde,CPV,.50416523,.66731989,1.0373898,1.0651517,841.80499,1176.7073,3500.9775,3126.3999,183.8,305.79999,540.70001,620.59998,.015591702,3.8163772,9.8560791,10.600496,11.344913
Costa Rica,CRI,.90911019,1.2431667,1.5372376,1.3599956,1808.496,3773.0337,8147.2441,12179.257,2871.2,4946.7998,7105.5,6967.3999,4.8417702,56.940853,55.958088,56.231884,59.437328
Cuba,CUB,3.3520911,2.5530014,2.489722,2.1527696,2695.6147,2752.2039,5275.5327,9499.5723,35621.602,28353.1,28110,24327.801,6.746676,19.162012,22.672253,27.546036,31.233141
Curacao,CUW,,,,,,,,16356.094,,,,,.26678506,,,,.15765765
Cayman Islands,CYM,,,,,,,76873.195,83897.508,,,,,.10345277,54.708332,53.875,53,53
Cyprus,CYP,5.8227015,7.5167918,6.9916773,5.4719982,9641.5752,14388.348,31023.268,28281.426,4591.2002,7127.7002,7898.3999,6771.7998,11.15169,17.436148,18.572512,18.705627,18.672077
Czechia,CZE,14.820868,12.161476,10.899669,8.3040171,3941.5032,6029.0381,19960.068,22992.879,153149.3,124716.7,114167.6,88835.203,22.162262,,34.13084,34.408649,34.677994
Germany,DEU,12.02658,10.099366,9.4533882,7.2552209,22303.961,23694.76,41572.457,46749.477,955307.69,830284.13,773069.13,603350.5,38.832874,32.366169,32.537613,32.730873,32.682674
Djibouti,DJI,.47490093,.50321209,.56473082,.39232916,783.69586,742.86572,1227.8208,2921.7388,274.10001,373.39999,519.09998,427.70001,1.232089,.24158758,.24158758,.24158758,.25021571
Dominica,DMA,.90240496,1.8333187,2.5089085,2.2612681,2899.0605,4879.1499,7182.4004,7003.4697,62.700001,125.3,172.5,162.8,.60402143,67.080002,63.826668,63.826668,63.826668
Denmark,DNK,10.110604,9.8512707,8.674757,4.6912374,26891.447,30743.547,58041.398,60836.594,51978,52602,48124.801,27356.5,17.902355,13.286,14.29,14.66225,15.711
Dominican Republic,DOM,1.1026365,2.1860504,2.1155195,2.0801818,992.23895,2845.8464,5509.5679,7167.915,7860.7002,18670.6,20680.801,22881.301,19.215612,33.01366,40.829433,42.912853,45.109509
Algeria,DZA,2.4663656,2.6010654,3.1843569,3.7182233,2431.5513,1780.3761,4495.9214,3354.1531,62936.898,80046.797,114179.4,161563,4.4000363,.69990849,.66296071,.80529362,.81830895
Ecuador,ECU,1.4758699,1.7464449,2.4853256,1.9575753,1458.3263,1451.5309,4640.2466,5645.1992,15422.6,22051.5,37254,34431,15.083921,52.854393,55.284668,52.456879,50.32143
"Egypt, Arab Rep.",EGY,1.5336182,1.6058877,2.2957909,1.9611225,751.1875,1398.8599,2509.772,3571.5569,87745.398,114614.4,200313.3,210752.3,11.550797,.044010248,.059480637,.06594003,.045185596
Euro area,EMU,8.3110266,8.0805902,7.3490386,5.3978252,18673.809,20005.438,37303.16,37914.859,2625211,2632599,2502105.5,1872835.5,23.507315,33.422626,36.509018,37.975578,38.675213
Eritrea,ERI,0,.26461419,.15978196,.19865754,,295.19693,504.97247,,0,633.19,502.95001,706.40002,2.9583347,,11.073861,8.9774837,8.718215
Spain,ESP,5.5303683,7.2302132,5.8857636,4.2795944,13804.877,14749.688,30532.48,26984.297,214950.59,293314.31,274140.59,202705.8,17.907349,27.840502,34.256374,37.089939,37.177307
Estonia,EST,22.014704,10.689091,13.894666,5.3383999,,4070.6091,14663.045,23595.244,34544.898,14932.5,18500.4,7097.52,20.12945,,52.816467,55.107807,57.038597
Ethiopia,ETH,.048262175,.053064313,.072538778,.15443178,254.29526,122.96166,335.43851,918.65259,2310.7,3557,6473.2002,18098,16.064081,18.536385,18.5285,15.770829,15.123989
Finland,FIN,10.942255,10.644373,11.658082,6.5701451,28364.645,24345.914,46505.305,49169.719,54562.801,55097.5,62526.398,36329.898,13.04891,71.818939,73.691322,73.188545,73.728371
Fiji,FJI,.91357327,1.0048901,1.244298,1.1170963,1713.1807,2015.8575,3469.1497,4815.689,712.97998,836.58002,1126.3,1028.2,.99036956,51.433498,55.088669,58.743294,62.398468
France,FRA,6.1383362,6.1265154,5.3504081,3.9536824,21865.555,22416.426,40676.066,39179.746,356297.91,373235.81,347940.09,267154.69,36.168289,26.363945,27.91987,29.98592,31.509048
Faroe Islands,FRO,,,,,20236.43,23370.773,48167.668,62234.969,,,,,.023371641,.057306591,.057306591,.057306591,.058565155
"Micronesia, Fed. Sts.",FSM,0,1.6766778,.97780424,.95891386,1492.8552,2088.2095,2760.0112,3639.4126,0,187.3,105.2,107.5,.015781436,,91.228569,91.614288,92.028572
Gabon,GAB,4.1698914,4.7763634,3.3674672,2.3332736,6055.0601,3991.1572,8399.5977,6680.0825,4099.1201,6080,5762.0898,5349.2002,25.129351,92.217255,91.978111,91.781776,91.320679
United Kingdom,GBR,9.8130684,9.0145273,7.6895676,4.6011424,19095.467,28280.928,39598.957,40217.008,561774.5,530888.19,482646.19,308650.31,40.287231,11.48266,12.210143,12.644154,13.185632
Georgia,GEO,6.9738235,1.1706271,1.4054736,2.7547092,1561.8492,749.90851,3233.2197,4255.7432,33488.301,4772.7998,5322.1001,10255,7.1639323,,39.726578,40.615917,40.615917
Ghana,GHA,.16293798,.2516844,.40597123,.60288745,381.24643,253.38029,1258.9642,2176.5762,2516.8999,4949.5,10382.6,19401.16,7.6846189,43.615452,38.888153,34.907841,35.096931
Gibraltar,GIB,,,,,,,,,,,,,.080736622,0,0,0,0
Guinea,GIN,.15723595,.17930982,.24368282,.34364614,419.6868,359.28668,667.28162,1073.6593,999.09998,1494.9,2502.8,4537.8999,24.923897,29.610939,28.198763,26.733681,25.187204
"Gambia, The",GMB,.18690853,.17029104,.22412926,.23752961,304.7077,544.62097,796.63184,704.03046,194.5,244.8,434.20001,611.40002,2.8883736,40.974308,35.309288,29.644268,23.97925
Guinea-Bissau,GNB,.1765701,.11942976,.15377547,.16320837,250.58984,301.49557,542.28412,710.25812,171.89999,147,241,329,13.185078,79.42141,76.418205,73.415009,70.412872
Equatorial Guinea,GNQ,.14950091,2.8939657,5.525507,2.7257309,240.83267,1527.0564,14905.515,6198.9424,69.599998,1982.3,6047.7998,4350.3999,1.7653098,96.226379,93.247055,90.267738,87.287697
Greece,GRC,7.4159989,8.7416506,7.8748145,4.7671847,9600.1855,12072.93,26716.648,17617.291,75619.398,94460.602,87578.5,51002.199,11.028341,25.59,27.930408,30.27,30.269978
Grenada,GRD,1.1600553,1.8486112,2.3991792,2.6240671,2807.7454,4840.6841,6760.9751,8437.5371,114.9,198.60001,273.60001,324.5,.23033412,52.058823,52.058823,52.058823,52.058823
Greenland,GRL,,,,,18326.93,19004.004,43988.527,54693.078,,,,,22.355614,.00064383965,.0005359971,.0005359971,.0005359971
Guatemala,GTM,.43446961,.81479681,.80489844,1.0004073,845.31488,1664.3077,2852.5576,4609.8975,3932,9443.2998,11477.6,16865.199,10.106665,44.617393,39.279583,34.738708,32.920864
Guam,GUM,,,,,,,30011.219,34780.863,,,,,.025594367,44.444443,44.444443,44.444443,51.851852
Guyana,GUY,1.568565,2.1873364,2.3522191,3.4727709,530.8175,938.89331,4589.8726,6863.0742,1171.9,1660.3,1759.3,2768.5,5.1645679,94.499107,94.306427,94.080826,93.550117
"Hong Kong SAR, China",HKG,,,,,13485.632,25756.773,32550.137,46109.23,,,,,48.925507,,,,
Honduras,HND,.48557022,.74919724,.93797928,.87291116,974.22949,1079.6057,1874.2717,2354.1213,2453.7,4987.2002,7926.7998,8835.4004,10.993615,62.452229,60.579765,58.767273,56.834927
Croatia,HRV,4.2578673,4.0360746,4.5297709,3.8607054,,4952.3779,13693.5,14269.909,20341.4,18034.4,19457.301,15626.9,23.858837,,33.713692,34.30777,34.651714
Haiti,HTI,.14734602,.17622732,.24974398,.28381503,447.09628,814.99792,1204.8621,1283.1412,1020.42,1473.3,2458.2,3209.04,2.490603,13.89405,13.811684,13.729318,12.601597
Hungary,HUN,6.4990435,5.350451,4.7880392,4.5916529,,4624.2817,13217.505,16125.609,67421,54633.301,47880.5,44769.301,22.597372,20.183599,21.436844,22.604551,22.496275
Indonesia,IDN,.81435555,1.3109381,1.702906,2.0716588,582.67896,770.86536,3094.4431,3895.6182,148342.91,280635.69,415536.59,563197,5.2684436,65.437714,53.943527,53.080261,49.071781
Isle of Man,IMN,,,,,,20693.838,70625.172,79530.609,,,,,77.49118,6.0701756,6.0701756,6.0701756,6.0701756
India,IND,.64745134,.88507795,1.3380338,1.5760932,368.74976,442.03479,1350.6345,1913.2197,563575.38,937858.38,1659983,2200836.3,3.4793065,21.504848,22.733496,23.374222,24.270227
Ireland,IRL,8.8109646,11.177807,8.8478794,6.7682276,14031.303,26334.566,48663.602,85973.086,30961.5,42533.5,40347.699,33742.199,4.0411468,6.7011175,9.1502399,10.456961,11.35172
"Iran, Islamic Rep.",IRN,3.5572467,5.1942849,7.1798253,7.0633512,2237.0522,1672.0228,6458.5737,2746.4194,198471.7,340456.19,541171.13,616561.31,7.666522,5.5723739,5.7256193,6.5644908,6.6267304
Iraq,IRQ,3.6360297,3.5580416,3.471957,3.8421779,10216.568,1963.7228,4430.4263,4251.3374,64206.398,87630.5,108550.3,163511.5,1.5313282,1.8382605,1.87027,1.8995211,1.9003612
Iceland,ISL,7.642313,7.9139419,6.1599731,3.9474654,25384.914,32096.373,43237.074,58848.418,1947.46,2225.4399,1959.124,1446.6,2.7510159,.17027432,.2975561,.44558603,.50927305
Israel,ISR,7.2544851,9.063015,9.2502623,6.3452158,,21630.748,31266.605,44846.793,33805.898,56997.301,70520.297,58471.801,10.539087,6.0998154,7.0702405,7.1164508,6.469501
Italy,ITA,7.1450534,7.6621084,6.836875,4.7323728,20825.785,20137.592,36035.645,31922.92,405262,436296.59,405272.31,281286.81,13.952592,25.80582,28.301456,30.529221,32.348934
Jamaica,JAM,3.1215327,3.8555167,2.735949,2.0690417,1919.7954,3447.304,4835.791,4897.2646,7466.7998,10071.4,7479.7998,5835.6001,1.4056401,48.132965,48.107109,51.565098,55.114498
Jordan,JOR,2.8541162,3.2174723,2.9138722,1.9191724,1195.2258,1673.3582,3914.7012,3998.6731,9934,16268.1,20196.801,20974.1,4.4707184,1.104941,1.104941,1.0982203,1.0980471
Japan,JPN,8.8315983,9.3377237,9.0360098,8.031496,25801.395,39169.359,44968.156,40040.766,1090508.1,1184424.9,1157241.8,1014064.7,10.026202,68.43116,68.24691,68.493828,68.408783
Kazakhstan,KAZ,14.512533,8.0727644,14.073276,11.297743,1647.4197,1229.001,9070.4883,9121.6367,237250.91,120152,229702.2,211896.7,11.737042,,1.1693617,1.1416748,1.2796533
Kenya,KEN,.27065569,.27973261,.32334009,.37407923,370.10013,411.82135,1093.6396,1936.2507,6269,8630.2002,13424.4,19446.801,10.547845,6.7795973,6.9599571,6.354043,6.3448186
Kyrgyz Republic,KGZ,5.1836171,.94792175,1.1737367,1.3799754,609.17291,279.61957,880.03851,1256.9292,22762.301,4643.2998,6394.3999,9080.0996,6.7056727,,6.1569343,6.4112616,6.8580813
Cambodia,KHM,.14144801,.16197918,.3579064,1.1375836,,301.5166,782.69574,1577.9117,1260.416,1963,5140.7998,18652.801,31.768274,62.343021,61.075233,59.988838,45.707966
Kiribati,KIR,.31947181,.39965776,.50280106,.44993398,571.49908,757.1333,1438.0814,1403.9939,24,35.5,54.299999,56.900002,11.821045,1.4567901,1.4567901,1.4567901,1.4567901
St. Kitts and Nevis,KNA,2.7980115,3.9858341,4.8351369,4.8486629,5346.4727,9275.9893,16427.621,18553.656,113.7,181.2,229.2,231,4.4639916,42.307693,42.307693,42.307693,42.307693
"Korea, Rep.",KOR,5.7774653,9.5140457,11.60783,10.990029,6609.9971,12257.021,23079.26,31721.299,247675.8,447237.31,575215.69,569681.81,5.8090749,67.914162,67.136635,65.709877,64.415985
Kuwait,KWT,17.390734,25.757494,27.42638,21.169611,11002.065,19493.889,39212.578,24297.711,29128.4,49838.199,80725.602,92308.898,10.716509,.1936027,.2721661,.35072953,.35072953
Lao PDR,LAO,.11889368,.16628511,.45499128,2.6202834,200.61914,318.77094,1127.8352,2593.355,512.96002,903.07001,2877.1001,19178.9,18.687561,77.309357,75.498268,73.399048,71.904243
Lebanon,LBN,1.5644321,3.627424,4.1763682,3.7921937,789.8504,3994.8611,7695.2456,5599.9575,5622.1001,15672.8,20864.301,21474.9,1.0427322,13.655914,13.507332,13.426197,14.010753
Liberia,LBR,.20537342,.14707325,.18153432,.23183893,,301.87646,497.02036,597.52966,453.82001,425.81,729.76001,1179.5,1.2114959,88.509552,85.367943,82.226326,79.084717
Libya,LBY,6.7509122,8.6763763,9.174324,6.6828055,6821.874,7424.3535,11611.358,7034.6582,28603.5,44724.898,59559.602,44467,.21974507,.12332769,.12332769,.12332769,.12332769
St. Lucia,LCA,1.3548745,2.2996864,2.9701347,2.7851393,4073.2646,5846.9756,8672.2158,8951.5244,192.8,366.79999,507.70001,499.20001,.93100232,34.868851,34.442623,34.049179,34.049179
Liechtenstein,LIE,6.9171166,6.5663414,5.3117642,3.6638479,49418.016,75210.133,141466.83,165287.19,198.97086,216.86,190.83044,141.99609,42.632275,40.625,41.875,41.869999,41.875
Sri Lanka,LKA,.22315618,.58205605,.63244861,.99668324,466.89764,869.75348,2836.9741,3852.3892,3839.2,10928.9,13071.8,21846.301,3.3786423,37.479351,34.546642,33.545208,34.1581
Lesotho,LSO,.77571005,.87434894,1.0672615,1.0256422,331.52377,443.94995,1104.8115,917.35638,1395.5,1747.5,2158.8,2311.8999,.50315934,1.1370224,1.1370224,1.1370224,1.1370224
Lithuania,LTU,8.7126312,3.0049412,4.0690517,4.1840005,,3293.23,11987.509,20381.855,32217.9,10515.9,12603,11693.8,17.784489,,32.227184,34.623055,35.148514
Luxembourg,LUX,29.55349,19.611965,21.755665,12.456953,33465.477,48659.598,110885.99,116905.37,11285,8556.7002,11029.1,7853.1001,51.210423,,33.676964,34.453827,34.453827
Latvia,LVA,7.0508208,2.9268949,4.060966,3.6456122,,3361.6409,11420.994,18096.203,18777.4,6929.5698,8518.0996,6928.2998,17.5263,,52.0835,54.190624,54.809418
"Macao SAR, China",MAC,,,,,9269.6484,15684.779,50676.387,37474.734,,,,,,,,,
St. Martin (French part),MAF,,,,,,,,,,,,,92.007965,,,,24.799999
Morocco,MAR,.87493235,1.1513631,1.5940156,1.8185264,1219.4244,1492.3771,3067.8518,3258.269,21497.801,32876.5,51749.5,66719.5,2.8220875,12.290589,12.338203,12.714699,12.866883
Monaco,MCO,,,,,81813.023,81763.828,161780.75,182537.39,,,,,99.382904,0,0,0,0
Moldova,MDA,10.294108,2.2941408,2.8979993,3.2678463,,440.5387,2436.7993,4376.2427,30532.1,6709.6001,8295.0996,8611.2002,4.1505346,,10.474453,11.400305,11.753222
Madagascar,MDG,.074993506,.10199655,.086042769,.097269543,330.84354,285.46646,459.3754,462.40424,891.13,1654.02,1869.8,2745.45,3.0845716,23.546875,22.407177,21.601231,21.364403
Maldives,MDV,.69657755,1.6360656,2.663348,2.8263853,955.93365,2209.9883,7158.0615,7216.8164,156.7,462.20001,963,1454,.068331584,2.7333333,2.7333333,2.7333333,2.7333333
Mexico,MEX,3.2987516,3.874146,4.1132107,3.0407665,3196.9202,7581.8457,9823.1641,8894.8906,269575.41,379176,462869.5,383131.41,18.909849,36.313511,35.176495,34.436745,33.793091
Marshall Islands,MHL,0,1.8958395,2.6359143,2.5338032,1704.2587,2127.2407,3001.3198,5545.6001,0,102.8,140.8,110,.27044109,,52.222221,52.222221,52.222221
North Macedonia,MKD,4.2028222,4.2056408,4.0533257,3.2794201,2299.0444,1861.899,4577.6895,5965.4502,8591.2998,8522.0996,8329.5996,6796.7002,8.9573622,,37.654346,38.082077,39.710152
Mali,MLI,.048743401,.097320952,.13870661,.19556597,299.82162,263.49838,688.32788,822.90613,436.01099,1093.8,2154,4150.7002,7.5270495,10.896664,10.896664,10.896664,10.896664
Malta,MLT,6.5352798,5.4582696,6.240169,3.1255579,7191.9238,10432.328,21798.914,29597.637,2314.6001,2129.2,2586.6001,1610.7,7.5794621,1.09375,1.09375,1.09375,1.4375
Myanmar,MMR,.10182159,.20730887,.16463125,.63408035,52.748554,195.55099,1003.0334,1479.6136,4083,9440.5,8131.2998,33874.602,3.9373944,60.009304,53.35268,48.129383,43.734032
Montenegro,MNE,3.1586885,2.5139985,4.1719136,4.0675611,,1627.0651,6688.4028,7677.3711,1915.3402,1520.8434,2584.2,2527.2,8.9824467,,,61.486988,61.486988
Mongolia,MNG,5.9997697,3.6706433,5.295465,6.4306455,1184.7629,463.85388,2660.2881,4041.1741,12968.1,8996.6699,14311.1,21184.699,19.798361,9.2746801,9.2177477,9.1080523,9.099658
Northern Mariana Islands,MNP,,,,,,,14772.496,17302.922,,,,,31.951677,,69.478264,65.91304,52.95652
Mozambique,MOZ,.083980411,.08030501,.11617544,.22276755,,333.77515,494.58401,456.58194,1117.23,1426.9,2680.6001,6945.5,17.984385,55.161625,52.376713,49.558914,46.725197
Mauritania,MRT,.41963542,.41510159,.6064406,.85517639,751.19348,660.30383,1646.1304,1836.2924,841.79999,1118.7,2073.7,3847.1001,1.0807031,.46186087,.40908122,.35630155,.30348307
Mauritius,MUS,1.0994781,2.0489976,2.9285028,2.938514,2506.1848,3929.0818,8000.3765,9011.043,1164.1,2431.8999,3661.8,3720.2,.011473417,20.231527,20.655172,18.911329,19.414122
Malawi,MWI,.075733267,.07794103,.066886246,.084636159,286.91656,225.95245,688.13922,622.18457,722.46997,875.22998,984.46002,1640,22.876047,37.141495,32.68668,28.231863,23.777046
Malaysia,MYS,3.1178188,5.419703,6.9597073,7.3837156,2513.2415,4087.5625,8880.1455,10164.345,54615,124355.9,199867,245139.3,7.5480733,62.75605,59.934105,57.670521,58.17696
Namibia,NAM,,1.0677017,1.4783703,1.5880451,2037.9105,2156.0903,5445.4199,4252.0415,,1942.3,3103.5,3952.8,23.247177,10.651375,9.7888765,8.9263687,8.0638657
New Caledonia,NCL,,,,,14800.791,16039.169,37494.895,34877.637,,,,,95.756561,45.466629,45.834244,45.898251,45.843544
Niger,NER,.067549609,.05680513,.081757233,.090325579,419.60388,192.87773,471.6127,564.84167,565.43402,660.22699,1361.057,2197.95,18.19902,1.5354859,1.0484724,.95042235,.85237229
Nigeria,NGA,.76426369,.79131895,.55951291,.53751016,567.51788,563.04706,2280.1113,2074.6138,72768.797,97215.102,90055.203,111978.1,11.610698,29.124905,27.331861,25.538807,23.745787
Nicaragua,NIC,.45742249,.73547465,.77073175,.6782521,238.76501,996.89783,1495.7338,1876.6074,1933.9,3768,4513.2002,4582.2002,9.962163,53.176998,44.86721,34.802643,28.315855
Netherlands,NLD,10.13414,10.178429,10.298311,7.4715533,21290.861,26214.498,50999.746,52162.57,151520.7,162096.7,171110.5,130315.1,25.310934,10.22897,10.648697,11.072636,10.974161
Norway,NOR,6.9092507,7.63379,8.205018,6.72508,28242.98,38178.238,88163.211,68340.016,29305.4,34283.102,40116.398,36177.398,5.7102518,33.216152,33.164131,33.134014,33.43536
Nepal,NPL,.047857597,.13115087,.17086275,.50936627,184.92365,223.7119,589.16541,1139.1899,938.79999,3221,4640.8999,14949.2,23.626041,39.664337,40.326195,41.590721,41.590721
Nauru,NRU,13.158992,8.4802933,4.1695147,3.3617539,,,4644.3555,10124.7,126.3,88,42.700001,41.400002,,0,0,0,0
New Zealand,NZL,6.7003121,7.6353784,7.1366215,6.160799,13663.021,13641.103,33676.773,41760.594,22310.699,29455,31049.301,31359.699,30.604765,35.594051,37.410049,37.401237,37.570126
Oman,OMN,6.6052322,10.713434,16.335081,15.636201,6475.417,8321.3936,22552.199,16707.623,11919.3,25115,47076.301,71041.5,1.0183115,.0096930536,.0096930536,.0096930536,.0080775442
Pakistan,PAK,.51142812,.63726211,.72190976,.81036019,346.66852,644.45715,1011.5972,1322.3148,59026,98374.102,140378.59,184111.2,9.7949553,6.4689574,5.8520913,5.3104634,4.8333073
Panama,PAN,1.0991572,1.7598846,2.5363057,2.2314429,2626.1433,4099.0063,8124.5581,13293.333,2692.8999,5282.7002,9190.5996,9582.7002,15.337927,61.977402,59.754372,58.218861,56.805607
Peru,PER,.94419497,1.0742751,1.5394855,1.398566,1194.5483,1941.3182,5047.2046,6063.627,20875.301,28634.199,44998.5,46578.898,13.336229,59.725422,58.826431,57.851406,56.508102
Philippines,PHL,.66389912,.92283785,.86560285,1.1896795,820.48718,1073.2644,2201.7769,3224.4229,40868.898,71942.797,81917.797,133471.3,3.1492243,26.088507,24.513733,22.938995,24.109032
Palau,PLW,0,10.721889,11.58576,8.8025818,,7416.481,10029.288,14349.316,0,211.5,214.8,158.2,99.957458,,86.04348,88.173912,90.021736
Papua New Guinea,PNG,.56109077,.51289898,.66488475,.56325155,833.05365,639.27917,1879.2406,2446.0847,2168.6001,2825.2,5042,5491.5,.71626407,80.377335,80.108566,79.889778,79.176254
Poland,POL,9.1893835,7.7309198,8.2470045,7.3675632,1731.2095,4501.48,12504.25,15816.82,350214.59,295774.41,313739.09,279223.81,37.966301,28.998661,29.576546,30.459057,30.977036
Puerto Rico,PRI,,,,,8652.5078,16192.127,26435.748,31427.43,,,,,2.0754764,36.113869,48.382187,55.405861,55.956032
"Korea, Dem. People's Rep.",PRK,5.7360692,3.0736816,2.0938544,2.0271487,,,,,119307.5,71822.898,51689.801,52437.199,1.2602221,57.404118,53.60593,51.842789,50.079643
Portugal,PRT,4.1137638,5.9924016,4.8176317,3.7849076,7884.6182,11526.372,22520.643,22242.406,41068.602,61661.199,50937.301,38973.5,17.127472,37.147541,35.857922,35.506058,36.154995
Paraguay,PRY,.51049531,.68782681,.87426561,1.1445912,1431.8392,1728.3407,4725.7266,5353.3481,2072.2,3524.3,5043.2998,7575.7002,14.31472,64.298668,57.869747,49.258018,40.529221
West Bank and Gaza,PSE,,,,,,1476.1719,2557.0757,3233.5686,,,,,8.359252,1.5083057,1.5083057,1.6528239,1.6843854
French Polynesia,PYF,,,,,15728.719,14346.187,21447.857,19185.697,,,,,.0058503971,39.46175,42.797466,43.059635,43.059635
Qatar,QAT,28.399614,44.37925,35.548267,31.726843,16664.832,27494.771,73021.313,52315.66,12543.4,28666.199,60912.102,87578.297,5.8445649,0,0,0,0
Romania,ROU,7.440515,3.965745,3.8327849,3.5641375,1648.4852,1659.9291,8397.8096,13047.457,172633.59,89003.102,77601.898,68664,24.362263,27.778505,27.713203,28.319931,30.115829
Russian Federation,RUS,14.62149,10.667661,11.325401,11.232288,3494.063,1771.5941,10674.99,10194.441,2163533,1563845.6,1617827.5,1618271,7.6162486,,49.401852,49.77359,49.784336
Rwanda,RWA,.073273607,.081445239,.068258598,.10512414,348.38782,255.11197,594.16028,773.77325,536.35999,660.52002,703.67999,1382,9.1052475,12.849615,11.633563,10.741792,11.187677
South Asia,SAS,.56188989,.76264381,1.1313111,1.3377914,356.59787,460.3494,1253.9464,1853.8459,641292.06,1072998.3,1878594.3,2518434.8,5.4402108,17.279749,17.974373,18.331429,18.821054
Saudi Arabia,SAU,10.709518,11.586313,15.168386,14.266585,7349.7036,8795.2607,17958.947,20398.061,171403.3,249654.8,446131.5,513555.81,4.5283718,.45448413,.45448413,.45448413,.45448413
Sudan,SDN,.254408,.21638805,.48688301,.46795392,1301.8191,378.1575,1356.8947,608.33252,5365.6899,5690.7402,16427.4,20796.1,2.7532744,12.932369,12.198299,11.463877,9.8284531
Senegal,SEN,.30869156,.41875309,.56074476,.64980054,980.75458,619.64215,1286.605,1492.476,2326.3,4063.7,7026.2002,10680.2,14.577056,48.320572,45.983276,43.983585,41.905987
Singapore,SGP,9.5073004,10.456475,8.3545084,7.6866837,11861.756,23852.84,47236.684,61273.992,28970,42117.5,42413.602,43705,2.4636302,22.129702,25.393284,25.271225,21.685236
Solomon Islands,SLB,.47166464,.54746985,.63435197,.32306555,662.85284,976.42828,1661.9979,2222.4622,152.89999,235.39999,342.79999,223.3,.14703377,90.922112,90.66095,90.399429,90.13826
Sierra Leone,SLE,.073519416,.072708361,.087032199,.12727761,150.19325,138.71394,400.54074,493.43225,318,333.29999,560.20001,1048,3.2969558,43.318092,40.585064,37.852036,35.11887
El Salvador,SLV,.44405079,.94514006,1.0695393,1.0132803,897.59296,1977.8406,3017.3074,3961.7266,2383.3,5631.6001,6539.2002,6376.2998,2.129312,34.694981,32.523167,30.351351,28.179537
San Marino,SMR,,,,,,37473.785,59516.324,45321.488,,,,,,16.666666,16.666666,16.666666,16.666666
Somalia,SOM,.10503071,.055793379,.052483447,.039934654,131.02324,,,556.57806,735.12,486.60001,631.20001,660.40002,0,13.20257,11.97915,10.755731,9.5323114
Serbia,SRB,8.1606245,5.8519659,6.4601679,6.7145171,,914.78571,5735.4229,7733.8037,61906.5,43985.398,47103.898,46324.301,7.6445003,,,31.019896,32.377808
South Sudan,SSD,.091328539,.075202413,.13518567,.16430913,,,1503.1339,,433.88519,459.82065,1313.2502,1742.7,15.501501,,,,11.325622
Sao Tome and Principe,STP,.38639554,.37226713,.56440723,.64535016,,,1043.2814,2155.2659,46.5,53.5,102.8,141.10001,.24468805,61.0625,60.791668,60.520832,54.0625
Suriname,SUR,4.2639914,3.0906601,3.1952643,4.2850766,940.99176,1978.4467,7999.5073,4796.5332,1759.988,1480.42,1744.87,2601.3201,8.4830742,98.574554,98.338913,98.076027,97.412117
Slovak Republic,SVK,10.343435,7.0651655,6.5719509,5.3190546,2405.5352,5426.6245,16908.848,19552.092,54811.801,38072.199,35432.199,29035.801,37.587799,,39.530354,39.880852,40.056156
Slovenia,SVN,6.7706256,7.3113365,7.7015185,5.9347353,,10201.304,23532.48,25558.43,13528.8,14541.7,15777.2,12477.3,40.017384,,61.221451,61.89753,61.47226
Sweden,SWE,6.2328811,6.005055,5.1167474,3.2429891,30593.672,29624.912,52869.043,52837.902,53346.199,53277.5,47985.5,33576.102,14.695885,68.893356,69.138855,68.917908,68.699074
Eswatini,SWZ,1.2894448,1.0583253,.77205616,.9720875,1305.2455,1686.6576,4035.5344,3372.9045,1101.2,1090.6,849.20001,1147.7,4.2582645,26.810465,27.516279,28.222675,28.927906
Sint Maarten (Dutch part),SXM,,,,,,,,29223.07,,,,,8.1055346,,,,10.882353
Seychelles,SYC,2.2040946,3.6200712,4.9426312,6.0805182,5642.0728,8063.6548,10938.152,12020.021,153.2,293.70001,443.70001,598.70001,32.825436,73.260872,73.260872,73.260872,73.260872
Syrian Arab Republic,SYR,2.61005,2.7227154,2.7348864,1.2148025,1926.3846,4941.8525,11304.645,537.09021,32388.1,44401.102,61090.699,25234.6,.6628077,2.0245945,2.3510718,2.6797364,2.8431084
Turks and Caicos Islands,TCA,,,,,,,23103.943,20882.262,,,,,.38745123,11.073684,11.073684,11.073684,11.073684
Chad,TCD,.066740245,.061434992,.10004433,.094228186,298.36707,168.11766,896.87671,643.77222,388.89999,507.39999,1190,1568.4,20.971254,5.3446631,5.0452666,4.3916774,3.4251907
Togo,TGO,.25222224,.25339279,.40020663,.28606185,420.13669,297.89951,722.22937,886.69952,977.59998,1269,2630.1001,2415.1001,22.070374,25.035116,23.32164,22.777533,22.233315
Thailand,THA,1.5934879,2.6787775,3.5266819,3.7142558,1545.277,2004.1071,4996.3721,7001.7856,88005.797,168941.41,240768.3,265478.91,13.271458,37.89661,37.186089,39.290257,38.898785
Tajikistan,TJK,2.0336812,.35086414,.32104054,.97753304,485.31985,137.18192,740.27618,852.3302,11018.2,2200.97,2446.8999,9328.7998,22.278662,,2.9294083,2.9294083,3.053534
Turkmenistan,TKM,12.000796,8.4277496,11.232999,10.184086,806.39136,635.71448,4286.8804,7330.3662,44646.301,38507.5,59175.102,63655,3.2122376,,8.7821589,8.7821589,8.7821589
Timor-Leste,TLS,0,0,.22425644,.34315518,,417.73795,810.21649,1663.5596,0,0,244.10001,446.10001,5.188241,64.76799,63.826496,62.885002,61.943512
Tonga,TON,.85184395,1.0028946,1.0960766,1.1220477,1150.2813,1996.5156,3416.1106,4605.9707,84.099998,102.9,117.7,118.1,.07274428,12.430555,12.430555,12.430555,12.430555
Trinidad and Tobago,TTO,10.384692,7.6598687,15.20461,10.157119,4001.5222,6120.9429,15711.559,13705.9,13152.4,10204.5,21443,15420,2.0144122,47.185184,46.130604,45.304092,44.48148
Tunisia,TUN,1.7383721,2.1295993,2.5994802,2.4086225,1456.2245,2170.5088,4241.0117,3497.719,14671.9,21068.801,28321.5,29293,5.2086086,4.1450624,4.2987256,4.4247556,4.5232363
Turkiye,TUR,2.5623579,3.3752072,4.0717154,4.8858638,2773.2698,4278.2632,10622.702,8638.7393,139197.91,216396.5,297814,407406.19,.19065237,25.705183,26.179268,27.393787,28.871483
Tuvalu,TUV,.69701588,.81967211,.90995258,.59625983,961.09167,1564.0149,3043.1667,4674.9116,6.4000001,7.9000001,9.6000004,6.5999999,.029974066,33.333332,33.333332,33.333332,33.333332
Tanzania,TZA,.072204806,.085492842,.15317711,.23394559,167.14455,399.46277,730.78235,1104.1644,1892.2,2946.3999,6909.8999,14435.5,31.048344,64.788902,60.58931,56.389717,51.642582
Uganda,UGA,.044677973,.054020081,.1030248,.12779303,244.75407,257.82962,824.73767,846.88123,785.73499,1297.6,3332,5674.6001,16.061846,17.89435,15.829788,13.716437,11.659186
Ukraine,UKR,13.270386,6.0471325,5.8626609,3.7538161,1532.5046,658.3446,3078.4148,3751.7373,688618.88,297376.81,268924.59,165663.59,4.1737151,,16.414948,16.481392,16.724197
Uruguay,URY,1.2347401,1.6579977,1.8742779,1.899719,2983.2441,6932.478,12512.594,15650.499,3848.7,5458.5,6283.7998,6514.2998,2.4422162,4.5594788,7.8219633,9.8920126,11.604388
United States,USA,19.407335,20.469797,17.431738,13.032828,23888.6,36329.957,48650.645,63528.633,4844517.5,5775807,5392109.5,4320532.5,23.945835,33.022308,33.130173,33.749409,33.866928
Uzbekistan,UZB,5.7419648,5.0224133,4.4198141,3.3763037,651.41919,558.22681,1742.3492,1759.3075,117767.7,123804.5,126240.5,115577.8,5.7678466,,6.7928872,7.6844721,8.3732214
St. Vincent and the Grenadines,VCT,.73430705,1.3671548,2.1370804,2.1006958,2136.8396,3760.0806,6590.9897,8306.3604,82.599998,155.60001,233.60001,219.8,.46656346,70.615387,73.179489,73.179489,73.179489
"Venezuela, RB",VEN,5.1456718,5.3839102,5.7148347,2.545028,2461.0393,4795.6348,13692.915,,101630,131516.7,164101.59,72509,39.000645,58.983051,55.723598,53.857491,52.413013
British Virgin Islands,VGB,,,,,,,,,,,,,.023926457,24.733334,24.466667,24.266666,24.133333
Virgin Islands (U.S.),VIR,,,,,,,39905.129,39411.047,,,,,.62265569,70.114288,58.485714,52.657143,56.885715
Viet Nam,VNM,.28885287,.64818937,1.7322017,3.67644,96.719299,394.58313,1684.0117,3586.3472,19327.9,51207.699,151413.5,355323.09,2.9295065,28.805677,37.88369,42.733215,46.719002
Vanuatu,VUT,.44339284,.46492499,.51781809,.38917497,1119.28,1416.197,2732.5515,2917.7568,66.900002,89.300003,127.1,121.3,.090716712,36.28384,36.28384,36.28384,36.28384
Samoa,WSM,.52917606,.80757356,.98832911,.96078241,747.78082,1406.7656,3494.3953,4042.7227,89,148.60001,192.39999,206.5,.31698412,62.236748,60.533569,58.830387,58.154675
Kosovo,XKX,,,,,,,3009.5234,4310.9341,,,,,,,,,
"Yemen, Rep.",YEM,.49661607,.80684644,1.0278029,.30851462,945.32391,519.59161,1249.0631,578.51202,6642.2998,15030.5,25431.9,9960.0996,.60580146,1.0398318,1.0398318,1.0398318,1.0398318
South Africa,ZAF,6.209373,6.0765533,8.2176123,6.6875629,3160.8782,3241.6614,8059.563,5753.0664,247614.7,284463.31,425548.41,393241.59,12.439703,14.955272,14.655211,14.355151,14.055091
Zambia,ZMB,.35657781,.18270904,.19263946,.40190271,427.40646,364.02615,1469.3615,956.83173,2740.8,1807.2,2656.8999,7607.1001,41.259399,63.778099,63.29652,62.814941,60.283337
Zimbabwe,ZWE,1.6349293,1.1473825,.74129045,.53048354,868.49017,565.28436,937.84033,1372.6967,16535.5,13578.9,9518,8312.5,27.214746,48.666615,47.475716,46.284813,45.093914
